1;m�nnlich;Zm�lnig;Andreas;Erdbergstra�e;1030;Wien;�sterreich;436761000000;zm�lnig.andreas@gmail.com
2;weiblich;Kamerhan;Apollonia;Gurkg. 5/13;1140;Wien;�sterreich;436761000000;kamerhan.apollonia@gmail.com
3;m�nnlich;Chourine;Simon;Forchtenau 9;4971;Aurolzm�nster;�sterreich;436761000000;chourine.simon@gmail.com
4;weiblich;Katzlberger-Laimer;Christine;Hohlweggasse 88;1030;Wien;�sterreich;436761000000;katzlberger-laimer.christine@gmail.com
5;weiblich;Heikenw�lder;Anna;Gottfried Alber Gasse 114;1140;Wien;�sterreich;436761000000;heikenw�lder.anna@gmail.com
6;m�nnlich;Schiller;Lukas;Br�nner Bundesstra�e 4;2201;Seyring;�sterreich;436761000000;schiller.lukas@gmail.com
7;weiblich;Burghofer;Cornelia;Waidhofner Str. 95/3/14;3300;Amstetten;�sterreich;436761000000;burghofer.cornelia@gmail.com
8;weiblich;Nehler;Tine;Traviatag. 13/10;1230;Wien;�sterreich;436761000000;nehler.tine@gmail.com
9;weiblich;Ehart;Margherita;Gentzgasse 10;1180;Wien;�sterreich;436761000000;ehart.margherita@gmail.com
10;weiblich;Marinkovic;Virdzinija;Zehenthofg. 16/35/10;1190;Wien;�sterreich;436761000000;marinkovic.virdzinija@gmail.com
11;weiblich;Langfeld;Stefanie;Esslingg. 46/8/28;1010;Wien;�sterreich;436761000000;langfeld.stefanie@gmail.com
12;m�nnlich;Tr�xler;Paul;Altm�tterg. 22/4;1090;Wien;�sterreich;436761000000;tr�xler.paul@gmail.com
13;weiblich;Hinterndorfer;Susanne;Hetzendorferstra�e 55/22;1120;Wien;�sterreich;436761000000;hinterndorfer.susanne@gmail.com
14;weiblich;Garcia;Susanne;Passauerstr. 68/5;4722;Peuerbach;�sterreich;436761000000;garcia.susanne@gmail.com
15;weiblich;Eckerstorfer;Aurora;Seb.Brunner-G. 8/7;1130;Wien;�sterreich;436761000000;eckerstorfer.aurora@gmail.com
16;weiblich;Ebner;Marika;Thelemangasse 9/16;1170;Wien;�sterreich;436761000000;ebner.marika@gmail.com
17;weiblich;Nymark;Clara;Belvederegasse 4/6;1040;Wien;�sterreich;436761000000;nymark.clara@gmail.com
18;m�nnlich;Messer;Gerald;Trazerberggasse 13/10;1130;Wien;�sterreich;436761000000;messer.gerald@gmail.com
19;m�nnlich;Fuchs;Michael;Wienerbergstra�e 16/1;1120;Wien;�sterreich;436761000000;fuchs.michael@gmail.com
20;weiblich;Butcaru;Karoline;Waidhofner Str. 93/8/8;3300;Amstetten;�sterreich;436761000000;butcaru.karoline@gmail.com
21;m�nnlich;Sch�nfelder;Hermann;Clementinengasse 28/7;1150;Wien;�sterreich;436761000000;sch�nfelder.hermann@gmail.com
22;m�nnlich;Obdrz�lek;Marek;Kinderspitalg. 26;1090;Wien;�sterreich;436761000000;obdrz�lek.marek@gmail.com
23;m�nnlich;Marinovic;Tobias;Schanzstra�e 88;3390;Melk;�sterreich;436761000000;marinovic.tobias@gmail.com
24;m�nnlich;Lamparter;Franz;Absberggasse 1;1100;Wien;�sterreich;436761000000;lamparter.franz@gmail.com
25;m�nnlich;Kuschka;Gerhard;Humboldtplatz 73;1100;Wien;�sterreich;436761000000;kuschka.gerhard@gmail.com
26;weiblich;Fellner;Jacqueline;Rudolf ReiterStr. 7/6;2540;Bad V�slau;�sterreich;436761000000;fellner.jacqueline@gmail.com
27;weiblich;Gellert;Yvonne;Gersthoferstra�e 119;1180;Wien;�sterreich;436761000000;gellert.yvonne@gmail.com
28;m�nnlich;Woda;Richie;Afrikanergasse 6;1020;Wien;�sterreich;436761000000;woda.richie@gmail.com
29;weiblich;Cernajsek;Odette;Waaggasse 93/8/8;1040;Wien;�sterreich;436761000000;cernajsek.odette@gmail.com
30;weiblich;Mandl;Dorothea;Dittmanng. 46/18;1110;Wien;�sterreich;436761000000;mandl.dorothea@gmail.com
31;weiblich;Lagrange;Traude;Eyslerstr. 46/8/28;4600;Wels;�sterreich;436761000000;lagrange.traude@gmail.com
32;m�nnlich;Schuch;Hermann;Esslingg. 261/3;1010;Wien;�sterreich;436761000000;schuch.hermann@gmail.com
33;m�nnlich;Enetjan;Til;Schulgasse 8/11;8740;Zeltweg;�sterreich;436761000000;enetjan.til@gmail.com
34;weiblich;Fally;Momcinovic;Sch�nlaterngasse 8;1010;Wien;�sterreich;436761000000;fally.momcinovic@gmail.com
35;weiblich;Ottitsch;Anna;Argentinierstr. 39/13;1040;Wien;�sterreich;436761000000;ottitsch.anna@gmail.com
36;weiblich;Obdrzalek;Josefine;Aschbachg. 4/12;1238;Wien;�sterreich;436761000000;obdrzalek.josefine@gmail.com
37;m�nnlich;Beiser;Christoph;Dr. Adolf Sch�rf Str. 7;3200;St.P�lten;�sterreich;436761000000;beiser.christoph@gmail.com
38;weiblich;Stein;Evelyn;Martinstra�e 15;3400;Klosterneuburg;�sterreich;436761000000;stein.evelyn@gmail.com
39;m�nnlich;Wendlandt;Jochen;Tivolig. 119/3/19;1120;Wien;�sterreich;436761000000;wendlandt.jochen@gmail.com
40;m�nnlich;Wenhoda;Werner;Mollardg. 11;1060;Wien;�sterreich;436761000000;wenhoda.werner@gmail.com
41;m�nnlich;Weihskircher;Peter;Theobaldgasse 103//5;1060;Wien;�sterreich;436761000000;weihskircher.peter@gmail.com
42;weiblich;Granaas;Josefine;Parkstra�e 68/15;3100;St. P�lten;�sterreich;436761000000;granaas.josefine@gmail.com
43;m�nnlich;Gruber;Ingolf;Theresianumg. 114/1/10;1040;Wien;�sterreich;436761000000;gruber.ingolf@gmail.com
44;m�nnlich;Zottelhofer;Herbert;Pichlergasse 91;1090;Wien;�sterreich;436761000000;zottelhofer.herbert@gmail.com
45;weiblich;Rubenser;Madeleine;Zohmanngasse 17/3/17;1100;Wien;�sterreich;436761000000;rubenser.madeleine@gmail.com
46;weiblich;Holzmann;Stanislava;Hagenm�llerg. 5/28;1030;Wien;�sterreich;436761000000;holzmann.stanislava@gmail.com
47;weiblich;Josipa;Barbara;Gurkg. 5/13;1140;Wien;�sterreich;436761000000;josipa.barbara@gmail.com
48;m�nnlich;Obdrz�lek;Marek;Klosterstra�e 25;2362;Biedermannsdorf;�sterreich;436761000000;obdrz�lek.marek@gmail.com
49;m�nnlich;Pilz;Hans Christian;Altm�tterg. 30/30;1090;Wien;�sterreich;436761000000;pilz.hans christian@gmail.com
50;weiblich;Hofst�tter;Birgit;Herzgasse 89;1100;Wien;�sterreich;436761000000;hofst�tter.birgit@gmail.com
51;weiblich;Lachtner;Wilhelmine;Geusaugassea 5/13;1030;Wien;�sterreich;436761000000;lachtner.wilhelmine@gmail.com
52;m�nnlich;Marinovic;Tobias;Preiseckergasse 25;3420;Kritzendorf;�sterreich;436761000000;marinovic.tobias@gmail.com
53;weiblich;Stockner-Thanheuser;Michaela;Webg. 15/2/7;1060;Wien;�sterreich;436761000000;stockner-thanheuser.michaela@gmail.com
54;weiblich;Eckerstorfer;Katja;Spittelbreitengasse 81/8;1120;Wien;�sterreich;436761000000;eckerstorfer.katja@gmail.com
55;m�nnlich;Svirac;Paul;Keilg. 25/15;1030;Wien;�sterreich;436761000000;svirac.paul@gmail.com
56;weiblich;Lauw;Sigrid;Erdbergstr. 46/5/7;1030;Wien;�sterreich;436761000000;lauw.sigrid@gmail.com
57;m�nnlich;Leibinger;Peter;H�ttelbergstra�e 68;1140;Wien;�sterreich;436761000000;leibinger.peter@gmail.com
58;weiblich;Ratz;Ines;Langg. 24;6830;Rankweil;�sterreich;436761000000;ratz.ines@gmail.com
59;weiblich;Handwerk;Gudrun;Mannagettagasse 60-64/1/12;2340;M�dling;�sterreich;436761000000;handwerk.gudrun@gmail.com
60;weiblich;Bogonslavskaia;Roswitha;Walzengasse 101/5/5;2380;Perchtoldsdorf;�sterreich;436761000000;bogonslavskaia.roswitha@gmail.com
61;weiblich;Rafael Androwitsch;Marina Elisabeth;Sverigestra�e 103//5;1220;Wien;�sterreich;436761000000;rafaelandrowitsch.marinaelisabeth@gmail.com
62;weiblich;Dr. Polivnick;Johanna;A. Hofer Str. 3/4/7;2345;Brunn am Gebirge;�sterreich;436761000000;dr. polivnick.johanna@gmail.com
63;weiblich;Peham;Kora;Anton Langer Gasse 39/13;1130;Wien;�sterreich;436761000000;peham.kora@gmail.com
64;m�nnlich;Haas;Herbert;Dorotheergasse 6;1010;Wien;�sterreich;436761000000;haas.herbert@gmail.com
65;m�nnlich;Reithner;Franz;Lassallestr. 22;1020;Wien;�sterreich;436761000000;reithner.franz@gmail.com
66;m�nnlich;Weinert;Martin;Meidlinger Hauptstra�e 11;1120;Wien;�sterreich;436761000000;weinert.martin@gmail.com
67;weiblich;S�cs;Alexandra;Hetzendorferstra�e 25/2;1120;Wien;�sterreich;436761000000;s�cs.alexandra@gmail.com
68;m�nnlich;Biener;Christof;Engerthstra�e 8;1200;Wien;�sterreich;436761000000;biener.christof@gmail.com
69;m�nnlich;Fellermann;Lourenco C�sar;Rudolf Zellergasse 72/5/11;1230;Wien;�sterreich;436761000000;fellermann.lourencoc�sar@gmail.com
70;m�nnlich;Puhrer;Jonas;Keilg. 3/4;1030;Wien;�sterreich;436761000000;puhrer.jonas@gmail.com
71;m�nnlich;Skorpis;Manfred;Loudonstra�e 18;1140;Wien;�sterreich;436761000000;skorpis.manfred@gmail.com
72;m�nnlich;Simhandl;Josef;Lochaustr. 21;3382;Loosdorf;�sterreich;436761000000;simhandl.josef@gmail.com
73;weiblich;Arnold;Janine;Alszeile 6;1170;Wien;�sterreich;436761000000;arnold.janine@gmail.com
74;weiblich;Peham;Edita;Amalienstra�e 36/2/12;1130;Wien;�sterreich;436761000000;peham.edita@gmail.com
75;weiblich;Kranzler;Elisabeth;Waidhausenstr. 132/3;1140;Wien;�sterreich;436761000000;kranzler.elisabeth@gmail.com
76;m�nnlich;Leibinger;Peter;K�rntnerstra�e 35;1010;Wien;�sterreich;436761000000;leibinger.peter@gmail.com
77;m�nnlich;L�tsch;G�nther;K�rntnerstra�e 33;1010;Wien;�sterreich;436761000000;l�tsch.g�nther@gmail.com
78;m�nnlich;Wollein;Hannes;Reisnerstr. 2/3;1030;Wien;�sterreich;436761000000;wollein.hannes@gmail.com
79;weiblich;Bauer;Agata;Widerhoferplatz 20;1090;Wien;�sterreich;436761000000;bauer.agata@gmail.com
80;m�nnlich;Dankl;Johannes;FranzSchuh.Gasse 9;1100;Wien;�sterreich;436761000000;dankl.johannes@gmail.com
81;m�nnlich;Warkenthin;Geri;Wallgasse 2/8;1060;Wien;�sterreich;436761000000;warkenthin.geri@gmail.com
82;m�nnlich;Leshem;Markus;Zwettlerstra�e 19/31;3920;Gro�-Gerungs;�sterreich;436761000000;leshem.markus@gmail.com
83;m�nnlich;Vafaikish;Turadj;Burggasse 4;1070;Wien;�sterreich;436761000000;vafaikish.turadj@gmail.com
84;m�nnlich;Skorpis;Manfred;Lugeck 16;1010;Wien;�sterreich;436761000000;skorpis.manfred@gmail.com
85;weiblich;Berndorfer;Marta;W�hringer G�rtel 13/5;1180;Wien;�sterreich;436761000000;berndorfer.marta@gmail.com
86;weiblich;Butunoi;Gabriella;Burgring 3;1010;Wien;�sterreich;436761000000;butunoi.gabriella@gmail.com
87;weiblich;Csepela;Cordelia;Untere Viaduktg. 9/2/28;1030;Wien;�sterreich;436761000000;csepela.cordelia@gmail.com
88;weiblich;Franke;Gudrun;Pfeilgasse 7/5;1080;Wien;�sterreich;436761000000;franke.gudrun@gmail.com
89;m�nnlich;M�ller;Heidrun;Ketzergasse 29;2380;Perchtoldsdorf;�sterreich;436761000000;m�ller.heidrun@gmail.com
90;weiblich;Ren;Elke;Spittelbreitengasse 3/3/2;1120;Wien;�sterreich;436761000000;ren.elke@gmail.com
91;weiblich;Hinterndorfer;Elisabeth;Leonard Bernsteinstr. 6/18;1220;Wien;�sterreich;436761000000;hinterndorfer.elisabeth@gmail.com
92;m�nnlich;Helfert;Erich;Am Kaiserm�hlendamm 6;1220;Wien;�sterreich;436761000000;helfert.erich@gmail.com
93;weiblich;Finatti;Luise;Reisnerstr. 7/5;1030;Wien;�sterreich;436761000000;finatti.luise@gmail.com
94;m�nnlich;Gindl;Horst;Glockenblumengasse 114;1220;Wien;�sterreich;436761000000;gindl.horst@gmail.com
95;weiblich;Donhoffer;Anna;Traungauergasse 9/16;8020;Graz;�sterreich;436761000000;donhoffer.anna@gmail.com
96;m�nnlich;Peter;Wolfgang;Kurzbauergasse 24;1020;Wien;�sterreich;436761000000;peter.wolfgang@gmail.com
97;weiblich;K�ksal;Elif;Daringergasse a 2;1190;Wien;�sterreich;436761000000;k�ksal.elif@gmail.com
98;weiblich;Hinterndorfer;Michaela;Hummelg. 57/3/3;1130;Wien;�sterreich;436761000000;hinterndorfer.michaela@gmail.com
99;weiblich;Nikrang-Mofrad;Linde;Blechturmgasse 44/6;1040;Wien;�sterreich;436761000000;nikrang-mofrad.linde@gmail.com
100;m�nnlich;Pany;Peter;Konsumstra�e 25;2331;V�sendorf;�sterreich;436761000000;pany.peter@gmail.com
101;weiblich;Huber;Astrid;Hackhofergasse 5/2;1190;Wien;�sterreich;436761000000;huber.astrid@gmail.com
102;weiblich;Massenbauer;Helga;Clementinengasse 46/18;1150;Wien;�sterreich;436761000000;massenbauer.helga@gmail.com
103;weiblich;Schiff;Elke;Leonard Bernsteinstr. 3/1/13;1220;Wien;�sterreich;436761000000;schiff.elke@gmail.com
104;weiblich;Bugl;Gusti;Wallgasse 97/1/3;1060;Wien;�sterreich;436761000000;bugl.gusti@gmail.com
105;weiblich;Thometits;Sharon;Burggasse 4;1070;Wien;�sterreich;436761000000;thometits.sharon@gmail.com
106;m�nnlich;Dorner;Herbert;Frauentorg. 10;3430;Tulln;�sterreich;436761000000;dorner.herbert@gmail.com
107;m�nnlich;Schuh;Detlef;Sternwartestra�e 10/14;1180;Wien;�sterreich;436761000000;schuh.detlef@gmail.com
108;m�nnlich;S�umig;Ronald;Spie�hammerg. 1/5;1120;Wien;�sterreich;436761000000;s�umig.ronald@gmail.com
109;m�nnlich;Neumann;Helmut;Simmeringer Hauptstra�e 1/33;1110;Wien;�sterreich;436761000000;neumann.helmut@gmail.com
